<?xml version="1.0" encoding="UTF-8" ?>

<!DOCTYPE tiles-definitions PUBLIC
       "-//Apache Software Foundation//DTD Tiles Configuration 3.0//EN"
       "http://tiles.apache.org/dtds/tiles-config_3_0.dtd">

<tiles-definitions>
    <definition name="fleaList" extends="main">
       <put-attribute name="title" value="중고장터 목록"/> 
       <put-attribute name="body" value="/WEB-INF/views/flea/fleaList.jsp"/>
    </definition>
    <definition name="fleaDetail" extends="main">
       <put-attribute name="title" value="중고장터 물품"/> 
       <put-attribute name="body" value="/WEB-INF/views/flea/fleaDetail.jsp"/>
    </definition>
    <definition name="fleaWrite" extends="main">
       <put-attribute name="title" value="중고장터 물품 등록"/> 
       <put-attribute name="body" value="/WEB-INF/views/flea/fleaWrite.jsp"/>
    </definition>
    <definition name="fleaUpdate" extends="main">
       <put-attribute name="title" value="중고장터 물품 수정"/> 
       <put-attribute name="body" value="/WEB-INF/views/flea/fleaUpdate.jsp"/>
    </definition>
    <definition name="fleaReplyList" extends="reply_main">
       <put-attribute name="reply" value="/WEB-INF/views/flea/fleaReplyList.jsp"/>
    </definition>
</tiles-definitions>








