<?xml version="1.0" encoding="UTF-8" ?>

<!DOCTYPE tiles-definitions PUBLIC
       "-//Apache Software Foundation//DTD Tiles Configuration 3.0//EN"
       "http://tiles.apache.org/dtds/tiles-config_3_0.dtd">

<tiles-definitions>
    <definition name="mainBoardList" extends="main">
       <put-attribute name="title" value="게시판 목록"/> 
       <put-attribute name="body" value="/WEB-INF/views/mainBoard/boardList.jsp"/>
    </definition>
    <definition name="mainBoardWrite" extends="main">
       <put-attribute name="title" value="글쓰기"/> 
       <put-attribute name="body" value="/WEB-INF/views/mainBoard/mainBoardWrite.jsp"/>
    </definition>
    <definition name="mainBoardView" extends="main">
       <put-attribute name="title" value="게시판 상세 정보"/> 
       <put-attribute name="body" value="/WEB-INF/views/mainBoard/mainBoardView.jsp"/>
    </definition>
    <definition name="mainBoardModify" extends="main">
       <put-attribute name="title" value="게시판 글 수정"/> 
       <put-attribute name="body" value="/WEB-INF/views/mainBoard/mainBoardModify.jsp"/>
    </definition>
    <definition name="mainReplyList" extends="reply_main">
       <put-attribute name="reply" value="/WEB-INF/views/mainBoard/mainReplyList.jsp"/>
    </definition>
</tiles-definitions>








