<?xml version="1.0" encoding="UTF-8" ?>

<!DOCTYPE tiles-definitions PUBLIC
       "-//Apache Software Foundation//DTD Tiles Configuration 3.0//EN"
       "http://tiles.apache.org/dtds/tiles-config_3_0.dtd">

<tiles-definitions>
    <definition name="noticeboardList" extends="main">
       <put-attribute name="title" value="공지 게시판 목록"/> 
       <put-attribute name="body" value="/WEB-INF/views/noticeboard/noticeboardlist.jsp"/>
    </definition>
    <definition name="noticeboardWrite" extends="main">
       <put-attribute name="title" value="공지글 쓰기"/> 
       <put-attribute name="body" value="/WEB-INF/views/noticeboard/noticeboardwrite.jsp"/>
    </definition>
    <definition name="noticeboardView" extends="main">
       <put-attribute name="title" value="공지 게시판 상세 정보"/> 
       <put-attribute name="body" value="/WEB-INF/views/noticeboard/noticeboardview.jsp"/>
    </definition>
    <definition name="noticeboardModify" extends="main">
       <put-attribute name="title" value="공지 게시판 글 수정"/> 
       <put-attribute name="body" value="/WEB-INF/views/noticeboard/noticeboardmodify.jsp"/>
    </definition>
</tiles-definitions>