<?xml version="1.0" encoding="UTF-8" ?>

<!DOCTYPE tiles-definitions PUBLIC
       "-//Apache Software Foundation//DTD Tiles Configuration 3.0//EN"
       "http://tiles.apache.org/dtds/tiles-config_3_0.dtd">
       
<tiles-definitions>
	<definition name="listQna" extends="main">
		<put-attribute name="title" value="QnA 목록"/>
		<put-attribute name="body" value="/WEB-INF/views/qna/listQna.jsp"/>	
	</definition>
	<definition name="writeQna" extends="main">
		<put-attribute name="title" value="QnA 글쓰기"/>
		<put-attribute name="body" value="/WEB-INF/views/qna/writeQna.jsp"/>	
	</definition>
	<definition name="detailQna" extends="main">
		<put-attribute name="title" value="QnA 상세목록"/>
		<put-attribute name="body" value="/WEB-INF/views/qna/detailQna.jsp"/>	
	</definition>
	<definition name="modifyQna" extends="main">
		<put-attribute name="title" value="QnA 글수정"/>
		<put-attribute name="body" value="/WEB-INF/views/qna/modifyQna.jsp"/>	
	</definition>
	<definition name="qnaReplyList" extends="reply_main">
		<put-attribute name="reply" value="/WEB-INF/views/qna/qnaReplyList.jsp"/>
	</definition>
</tiles-definitions>